{"mean": [-0.8706846237182617, -0.9796632528305054, -0.8924508094787598, -0.8260056376457214, -0.8670427203178406, -0.8648218512535095, -0.8519125580787659, -0.8717540502548218], "std": [9.732084274291992, 11.455520629882812, 4.547455787658691, 2.9942338466644287, 6.825963973999023, 9.072778701782227, 7.656582832336426, 9.069069862365723]}