{"mean": [-0.8695308566093445, -0.9790478348731995, -0.8911930322647095, -0.8253790736198425, -0.866665244102478, -0.8624930381774902, -0.8476397395133972, -0.8710206151008606], "std": [9.745360374450684, 11.433073043823242, 4.527566432952881, 2.9820799827575684, 6.817722797393799, 9.009943962097168, 7.605157852172852, 9.035378456115723]}