{"mean": [-0.8777889013290405, -1.0236271619796753, -0.8944382667541504, -0.8246119618415833, -0.8952140808105469, -0.8835970163345337, -0.8695477247238159, -0.8810348510742188], "std": [11.520254135131836, 14.101180076599121, 5.504586219787598, 3.4906582832336426, 8.50924015045166, 11.427703857421875, 9.478230476379395, 10.498976707458496]}