{"mean": [-0.8776845932006836, -1.0239644050598145, -0.8952713012695312, -0.8233436346054077, -0.8948850631713867, -0.8818740844726562, -0.8688123822212219, -0.8804795145988464], "std": [11.530733108520508, 14.045417785644531, 5.513284206390381, 3.468956470489502, 8.439244270324707, 11.362780570983887, 9.435964584350586, 10.487775802612305]}